HashFunction,Average,Count,Minimum,Maximum,percentile_Average_0,percentile_Average_1,percentile_Average_25,percentile_Average_50,percentile_Average_75,percentile_Average_99,percentile_Average_100
0,336,287,23.0,4084.0,23,43,107,140,280,3317,4084
1,5158,111,0.0,8854.0,31,31,4739,5700,6524,8517,8712
2,700,2763,79.0,40553.0,82,90,145,284,405,19505,40553
3,1308,288,1001.0,2917.0,1001,1061,1221,1287,1368,1737,2917
4,1961,4971,156.0,50300.0,200,455,638,712,1009,25458,31499
5,63930,788,4528.0,374533.0,4528,16989,32640,49585,81593,250343,374533
6,107,288,1.0,2720.0,2,2,5,6,10,2247,2720
7,106,884,31.0,531.0,31,31,62,96,139,380,531
8,323,6524,188.0,21460.0,190,210,236,252,280,3192,9012
9,92649,457,0.0,600210.0,62,1354,23884,54175,98037,600048,600210
10,188,564,18.0,1416.0,31,46,105,147,204,978,1416
11,10876,562,15.0,254953.0,275,484,1669,4849,12208,102906,254953
12,2853,229,1955.0,11178.0,1955,1983,2415,2726,3199,4585,11178
13,736,914,469.0,4942.0,528,533,601,682,788,1642,3293
14,0,1440,0.0,46.0,0,0,0,0,0,15,46
15,281,723,93.0,6558.0,109,124,171,205,281,969,6558
16,3,1440,0.0,93.0,0,0,0,0,11,16,93
17,96,360,0.0,1006.0,0,0,1,1,8,984,1006
18,37,29714,7.0,3578.0,15,27,32,35,40,73,296
19,8,817,0.0,2052.0,0,0,0,0,18,19,2052
20,2858,96,30.0,19045.0,30,30,155,2830,3994,19045,19045
21,2311,1440,576.0,14921.0,576,586,680,1370,3217,11911,14921
22,703,1440,453.0,17971.0,453,499,578,640,718,2531,17971
23,1485,720,1200.0,4558.0,1200,1218,1271,1308,1407,3258,4558
24,118,4303,1.0,1838.0,1,1,1,1,5,941,1471
25,3723,1080,823.0,21375.0,823,981,1412,3090,5291,14425,21375
26,124,480,46.0,530.0,46,62,93,109,139,366,530
27,999,1440,78.0,20857.0,78,78,93,110,1002,7678,20857
28,5232,689,2286.0,26360.0,2346,3490,3930,4385,5713,14636,20531
29,202,109,130.0,938.0,137,137,146,149,206,537,770
30,36943,288,1171.0,45415.0,1171,2396,35548,37075,38959,44505,45415
31,0,288,0.0,17.0,0,0,0,0,0,15,17
32,4219,88,2125.0,6037.0,3623,3623,3783,4035,4454,4975,4975
33,26018,1439,2406.0,115935.0,2406,2747,9727,27795,36419,77440,103698
34,15,1423,4.0,1217.0,4,4,7,9,12,71,1217
35,8568,24,270.0,14622.0,304,304,7704,10093,10302,14622,14622
36,11827,1437,5979.0,102566.0,5979,6610,9872,10803,12012,30119,102566
37,31,16102,12.0,6113.0,13,15,23,29,35,73,714
38,1612,16,780.0,7319.0,780,780,827,915,1079,7319,7319
39,1062,691,171.0,62474.0,171,233,445,582,789,3475,62474
40,302,288,109.0,3135.0,109,122,156,203,328,1261,3135
41,0,1440,0.0,15.0,0,0,0,0,0,0,15
42,21048,1440,20689.0,29022.0,20689,20699,20757,20940,21057,22124,29022
43,0,288,0.0,62.0,0,0,0,0,0,0,62
44,199,288,13.0,2729.0,13,17,26,32,60,1317,2729
45,220,288,5.0,1475.0,5,10,20,28,65,981,1475
46,137,360,1.0,1425.0,1,1,1,2,12,1212,1425
47,8,1440,0.0,828.0,0,0,0,0,0,328,828
48,114,1440,31.0,19101.0,31,62,82,97,109,203,19101
49,10,2520,0.0,247.0,0,0,5,9,14,46,147
50,79,288,0.0,4111.0,0,0,15,29,46,1170,4111
51,116,288,1.0,1504.0,1,1,2,7,16,1016,1504
52,331,279,20.0,2647.0,40,46,95,206,406,1791,2647
53,693,288,72.0,6553.0,72,74,121,152,1001,3895,6553
54,19527,1884,89.0,180060.0,140,328,4378,15291,28746,87026,180060
55,714,480,187.0,3235.0,187,212,343,410,500,2773,3235
56,116,480,43.0,363.0,43,46,93,109,140,245,363
57,237,203,46.0,2093.0,46,62,111,156,203,1752,2093
58,2207,3,1731.0,3032.0,1731,1731,1731,1860,3032,3032,3032
59,21,43,1.0,307.0,2,2,6,16,20,307,307
60,5425,287,1140.0,13121.0,1140,1222,3186,5229,7382,10318,13121
61,2849,288,2462.0,5933.0,2462,2532,2694,2813,2894,3963,5933
62,20,350,0.0,174.0,0,0,11,17,29,140,161
63,22,20,0.0,109.0,1,1,7,9,26,62,62
64,33,288,8.0,364.0,8,10,20,27,29,273,364
65,2,5231,0.0,1568.0,0,0,0,0,0,16,528
66,162,44,112.0,866.0,117,117,123,126,142,495,495
67,950,8516,4.0,12817.0,5,64,209,511,1156,4591,9998
68,2974,1669,2.0,20168.0,2,2,7,8,9609,11343,19199
69,167,1440,0.0,1939.0,0,0,1,1,1,1289,1939
70,250,672,78.0,33165.0,78,90,109,124,201,1672,33165
71,53,288,0.0,1093.0,0,0,16,31,36,484,1093
72,460,480,299.0,20159.0,299,328,374,390,422,1188,20159
73,2,288,0.0,49.0,0,0,0,0,0,46,49
74,478,3298,10.0,30798.0,22,22,45,180,351,7650,30302
75,9,4638,0.0,1875.0,0,0,4,6,11,45,168
76,195,1435,27.0,4971.0,27,42,72,88,108,3077,4971
77,348,989,188.0,972.0,188,234,329,344,361,440,972
78,786,1445,10.0,21317.0,10,15,30,31,914,7838,21317
79,97,1256,10.0,6371.0,11,12,24,30,45,2029,4829
80,176,242,20.0,812.0,22,22,35,50,314,698,732
81,32714,289,26922.0,38896.0,26922,27815,30704,32595,34786,37988,38896
82,11513,300,60.0,63926.0,60,3938,7459,9264,12298,39235,51020
83,298329,6,170763.0,394616.0,170763,170763,181914,316355,384611,394616,394616
84,7482,288,31.0,88818.0,41,41,98,480,5111,88796,88796
85,507,549,309.0,1859.0,309,324,385,482,608,1041,1859
86,389,480,77.0,8537.0,77,86,131,144,269,4380,8537
87,93,1440,0.0,1504.0,0,0,0,1,1,1008,1504
88,603,4382,37.0,18045.0,53,133,317,422,640,3398,17201
89,10030,2718,9989.0,10918.0,9994,10000,10011,10018,10029,10369,10918
90,638,1799,498.0,26655.0,498,529,573,590,622,1317,26655
91,44,1440,3.0,4836.0,3,3,9,31,41,220,4836
92,939,1440,757.0,2902.0,757,797,863,902,965,1430,2902
93,135,480,46.0,383.0,46,62,106,125,156,320,383
94,462,2526,0.0,36933.0,0,72,286,362,451,2423,18528
95,650,3755,46.0,23559.0,48,52,176,353,702,6704,20186
96,42,562,0.0,343.0,0,0,14,18,62,193,343
97,180,55,83.0,936.0,83,83,109,118,164,936,936
98,2845,217,20.0,48811.0,203,437,496,593,2765,23467,48811
99,170,289,1.0,909.0,1,1,2,3,6,906,909
100,47238,40,62.0,600291.0,62,62,6307,27782,48684,600291,600291
101,8669,719,6114.0,22501.0,6114,7992,8348,8571,8866,9890,22501
102,542,66,10.0,9503.0,28,28,55,98,185,9299,9299
103,78,7,18.0,174.0,19,19,29,36,140,174,174
104,183,17130,0.0,7212.0,8,23,85,140,251,669,2180
105,299,604,190.0,2848.0,190,203,240,268,304,999,2848
106,128,480,62.0,312.0,62,78,109,125,140,245,312
107,4835,2,4655.0,5015.0,4655,4655,4655,4655,5015,5015,5015
108,15075,9,7584.0,32458.0,7584,7584,9516,12533,15570,32458,32458
109,2476,940,16.0,30509.0,25,25,155,269,1530,30487,30487
110,117,288,0.0,1125.0,0,1,1,2,9,1001,1125
111,105,36,5.0,908.0,5,5,8,22,42,908,908
112,170,576,43.0,918.0,46,62,125,156,189,607,918
113,21,126,1.0,386.0,5,5,14,17,19,72,72
114,35,288,14.0,346.0,14,14,21,27,33,144,346
115,119,480,1.0,1410.0,1,1,1,1,1,1019,1410
116,11310,287,1018.0,30871.0,1018,1156,11063,11525,12299,19352,30871
117,185,154,62.0,3000.0,62,62,109,137,154,2937,3000
118,73,360,31.0,236.0,31,36,62,76,78,140,236
119,2251,204,63.0,20883.0,80,104,1260,1947,2518,10675,10761
120,134,8784,32.0,39531.0,37,39,53,71,126,861,39384
121,438,288,76.0,3016.0,76,88,127,162,754,2107,3016
122,522,287,66.0,3598.0,66,70,102,129,797,3131,3598
123,18025,72,119.0,108155.0,150,150,208,17208,22161,108155,108155
124,13,360,9.0,44.0,9,9,11,12,14,25,44
125,18,3864,0.0,168.0,0,0,15,17,20,53,126
126,51,5765,0.0,33250.0,0,2,11,17,31,377,33250
127,1174,288,343.0,19786.0,343,390,582,773,990,5853,19786
128,50,149,15.0,234.0,28,30,31,46,48,234,234
129,83296,45,65623.0,122701.0,65623,65623,72710,81910,89431,122701,122701
130,502,287,271.0,2237.0,271,281,327,360,458,1609,2237
131,3,288,0.0,346.0,0,0,0,0,0,48,346
132,136,255,62.0,2078.0,62,62,109,124,140,328,2078
133,0,2880,0.0,218.0,0,0,0,0,0,15,218
134,45,1440,10.0,2568.0,10,12,15,15,19,1707,2568
135,816,234,0.0,6266.0,15,15,119,250,1554,2218,5783
136,18,62,0.0,109.0,0,0,11,15,15,109,109
137,897,4,5.0,3554.0,8,8,8,8,19,3554,3554
138,876,1440,749.0,7576.0,749,760,798,828,856,1778,7576
139,226,576,15.0,2325.0,54,56,78,223,358,577,577
140,6411,4321,624.0,29907.0,625,810,3878,5422,8188,15554,29907
141,389,413,129.0,5524.0,129,139,206,259,346,4267,5524
142,275,360,60.0,21255.0,60,62,78,78,93,637,21255
143,172,480,31.0,9809.0,31,46,78,97,119,524,9809
144,8252,16,80.0,18944.0,103,103,322,9996,12338,18264,18264
145,319,288,42.0,1796.0,42,48,69,81,659,1768,1796
146,1739,833,315.0,545969.0,315,671,815,976,1063,3179,545969
147,852,832,4.0,52609.0,4,12,15,15,19,48805,52609
148,24,10,6.0,86.0,12,12,27,27,27,27,27
149,43,12640,0.0,4341.0,15,28,30,33,38,123,1540
150,324,2638,0.0,2732.0,15,43,152,280,421,1301,2234
151,145,382,1.0,1662.0,1,1,1,2,15,1001,1662
152,3229,1438,720.0,174674.0,720,990,2165,3313,3782,6126,60344
153,29,1440,0.0,1343.0,0,0,15,15,31,126,1343
154,9196,35,4117.0,29612.0,4171,4171,5175,5723,12456,29612,29612
155,1948,5213,1177.0,22155.0,1302,1372,1596,1752,1962,5936,21099
156,3815,578,451.0,24013.0,563,589,2093,3749,4677,12313,18544
157,175,8,0.0,607.0,36,36,36,62,78,607,607
158,8,576,0.0,62.0,0,0,0,13,15,31,62
159,303980,52,300581.0,323876.0,300581,300581,301126,301585,304196,323876,323876
160,0,288,0.0,15.0,0,0,0,0,0,0,15
161,123,114,10.0,1029.0,10,11,46,73,94,583,583
162,63,22196,0.0,7849.0,10,18,44,51,62,129,7223
163,6015,1440,3750.0,36025.0,3750,4015,4602,5271,6762,15312,36025
164,65,54,0.0,1246.0,0,0,0,3,7,1246,1246
165,4347,15,99.0,22181.0,99,99,1793,2995,4628,22181,22181
166,12563,1635,140.0,29593.0,1676,10390,11574,12028,13136,20317,29591
167,150,287,1.0,1503.0,1,1,3,5,12,1011,1503
168,63781,1,63781.0,63781.0,63781,63781,63781,63781,63781,63781,63781
169,3374,5044,42.0,80861.0,255,763,1452,1698,2038,58285,79769
170,372,4,328.0,403.0,328,328,328,354,403,403,403
171,89,1,89.0,89.0,89,89,89,89,89,89,89
172,11,288,3.0,18.0,3,3,10,11,13,17,18
173,62,1440,0.0,518.0,0,15,15,46,78,266,518
174,18,960,9.0,265.0,9,11,14,15,17,79,265
175,0,720,0.0,19.0,0,0,0,0,0,0,19
176,1832,723,975.0,10442.0,975,1044,1427,1716,2074,4475,10442
177,15,8526,0.0,642.0,0,4,10,15,17,60,642
178,1037,480,140.0,6866.0,140,203,312,475,632,5997,6866
179,314,11480,139.0,16967.0,173,210,257,282,323,701,16967
180,374,1633,129.0,45834.0,129,171,218,251,296,879,45834
181,0,720,0.0,0.0,0,0,0,0,0,0,0
182,20,17224,0.0,19162.0,12,13,15,17,20,33,4801
183,14,288,3.0,34.0,3,8,11,13,18,28,34
184,291,8635,46.0,29340.0,89,130,176,291,396,458,10303
185,9510,63,8178.0,13071.0,8178,8178,8987,9267,9847,13071,13071
186,861,288,140.0,15526.0,140,171,281,359,1136,5492,15526
187,9,288,0.0,716.0,0,0,1,4,7,97,716
188,21,1440,0.0,218.0,0,0,15,19,29,49,218
189,0,1440,0.0,15.0,0,0,0,0,0,0,15
190,300474,270,300307.0,301246.0,300307,300310,300382,300447,300535,301032,301246
191,577,288,2.0,3942.0,2,7,71,316,970,2206,3942
192,491,1440,156.0,25287.0,156,171,187,203,234,25186,25287
193,237,287,93.0,812.0,93,119,172,203,255,755,812
194,27,1412,3.0,474.0,10,14,20,23,29,101,242
195,1119,480,124.0,100409.0,124,140,421,631,854,3610,100409
196,694,2880,0.0,31048.0,421,437,500,577,681,2096,15524
197,376,5209,46.0,112598.0,56,72,124,145,171,1952,38751
198,174,289,0.0,1477.0,0,0,2,2,24,1397,1477
199,463,65,218.0,1151.0,218,218,359,434,497,1151,1151
200,868,288,200.0,8803.0,200,206,316,439,1046,4243,8803
201,67170,428,21070.0,301040.0,21084,21091,21132,21178,23331,300357,301040
202,240977,288,240176.0,243300.0,240176,240188,240470,240830,241274,243142,243300
203,33645,480,16038.0,198541.0,16038,20405,25151,28512,33657,108884,198541
204,1124,46,82.0,5470.0,82,82,160,342,2364,5470,5470
205,32,3234,21.0,279.0,21,22,25,27,31,94,279
206,117,1287,27.0,12164.0,36,42,56,89,156,354,2479
207,194,16871,102.0,9233.0,109,123,145,156,179,882,7772
208,4061,288,2293.0,20161.0,2293,2342,2608,2947,3568,17073,20161
209,129,1440,1.0,1486.0,1,1,1,1,1,1013,1486
210,1014,1441,359.0,39751.0,359,437,562,613,703,10015,39751
211,921,286,421.0,4217.0,421,428,476,535,1222,3591,4217
212,42,861,0.0,2610.0,11,13,18,26,40,365,2610
213,46,1440,0.0,1578.0,0,0,31,31,33,468,1578
214,874,123,18.0,2417.0,18,21,545,1024,1073,2241,2417
215,305,288,31.0,3333.0,31,32,43,59,575,1559,3333
216,6740,1,6740.0,6740.0,6740,6740,6740,6740,6740,6740,6740
217,3914,4432,90.0,97685.0,125,204,1317,3554,5120,22149,97685
218,1157,3,795.0,1703.0,795,795,795,975,1703,1703,1703
219,441,4005,12.0,8370.0,12,17,42,68,167,6496,7741
220,117,8592,0.0,31294.0,20,37,63,73,81,667,9241
221,1878,3,132.0,5250.0,193,193,193,193,5250,5250,5250
222,125,319,62.0,477.0,62,78,109,125,140,218,477
223,873,720,32.0,10203.0,32,40,71,537,1130,4364,10203
224,3176,287,1265.0,81589.0,1265,1328,1794,2181,2665,55647,81589
225,946,1323,187.0,3547.0,202,242,402,625,1624,2401,2401
226,628,993,31.0,155911.0,31,31,46,63,125,296,155911
227,1829,1913,0.0,62856.0,0,0,0,7,20,19132,62856
228,16247,288,14463.0,50092.0,14463,14582,15318,15727,16292,26308,50092
229,246,288,203.0,421.0,203,203,218,234,250,390,421
230,262,4045,17.0,4156.0,17,22,93,177,279,2001,4142
231,848,287,155.0,10603.0,155,166,194,219,284,10148,10603
232,622,149,17.0,12218.0,17,22,36,60,172,10054,12218
233,55,1445,0.0,9051.0,0,0,15,31,46,597,9051
234,305,3926,187.0,12650.0,202,222,250,264,281,814,7087
235,144,445,46.0,768.0,46,51,100,124,147,417,768
236,69,544,0.0,5453.0,0,0,3,4,127,431,431
237,4896,39,456.0,14344.0,517,517,838,6003,9280,14344,14344
238,1995,652,34.0,22117.0,34,36,160,1418,2733,11078,15090
239,9,11467,4.0,6709.0,4,5,6,6,9,23,1362
240,238,5902,28.0,27893.0,31,36,42,47,49,1182,27893
241,18,8614,0.0,1341.0,5,9,15,15,15,92,457
242,7,1445,0.0,109.0,0,0,0,0,15,31,109
243,209502,13,60.0,302945.0,611,611,3237,301154,301995,302945,302945
244,568,6327,47.0,28253.0,136,178,282,314,366,3133,28253
245,15,1440,0.0,2248.0,0,0,0,0,0,360,2248
246,4841,307,31.0,23833.0,3946,3946,4512,5065,5091,6020,6020
247,33,375,1.0,471.0,1,1,5,9,55,216,222
248,1875,1454,592.0,6793.0,592,632,1293,1556,2342,4777,6793
249,370,145,94.0,3137.0,94,109,146,196,396,1947,3137
250,964,288,85.0,4980.0,85,94,440,832,1195,3971,4980
251,421,5760,65.0,24171.0,70,124,241,318,496,1470,7280
252,24,360,0.0,453.0,0,0,0,15,20,209,453
253,21566,288,19227.0,39984.0,19227,19416,20219,20680,21349,37915,39984
254,1049,288,305.0,16335.0,305,334,488,720,896,14695,16335
255,215,10,32.0,508.0,32,32,129,135,357,508,508
256,331,21,10.0,1709.0,13,13,25,241,477,1709,1709
257,54,257,1.0,1279.0,1,1,3,7,8,1207,1279
258,168,293,58.0,4166.0,58,61,109,124,145,527,4166
259,0,1440,0.0,422.0,0,0,0,0,0,0,422
260,160,1354,26.0,2955.0,31,41,63,87,156,830,1588
261,2588,1092,1813.0,29125.0,1813,1864,1934,1992,2084,19282,29125
262,111,2186,0.0,4000.0,0,0,0,0,15,2031,2820
263,99,13,14.0,375.0,14,14,49,78,109,375,375
264,2741,213,795.0,25145.0,795,839,1732,2127,2962,11096,25145
265,529,5914,29.0,27928.0,53,137,229,270,309,2838,27928
266,6024,288,4112.0,12171.0,4112,4139,5068,5862,6636,11459,12171
267,7,3197,0.0,503.0,1,2,5,6,7,43,471
268,2842,1649,836.0,161386.0,851,916,1225,1539,2431,15406,161386
269,2112,3870,437.0,39053.0,500,613,1024,1283,2894,7839,19988
270,23,201,0.0,281.0,0,0,6,15,19,222,281
271,112577,4,93322.0,139512.0,93322,93322,93322,104625,112849,139512,139512
272,173,1440,124.0,3296.0,124,124,140,156,187,455,3296
273,110,8587,0.0,1589.0,0,1,1,1,216,747,1175
274,23413,732,125.0,178589.0,173,390,5191,15392,32723,115028,178589
275,733,2062,89.0,16135.0,111,147,264,347,884,4942,14449
276,898,164,31.0,12391.0,46,46,100,928,1174,2341,12391
277,81,360,1.0,751.0,28,28,53,69,109,164,164
278,32,10,10.0,98.0,32,32,32,32,32,32,32
279,1573,720,1352.0,6196.0,1352,1390,1487,1545,1609,1976,6196
280,435,288,218.0,754.0,218,281,357,437,501,687,754
281,0,360,0.0,0.0,0,0,0,0,0,0,0
282,121,764,31.0,8577.0,31,31,62,79,130,265,4358
283,99,480,0.0,1264.0,0,0,1,1,9,911,1264
284,941,14,133.0,1718.0,134,134,321,828,1687,1687,1687
285,154,480,78.0,1609.0,78,78,109,140,156,421,1609
286,9637,2432,393.0,83256.0,393,1018,10008,10018,10028,27143,72253
287,50,17198,13.0,2870.0,14,18,26,43,68,132,605
288,375,7,59.0,1061.0,62,62,154,154,873,1061,1061
289,31,288,0.0,925.0,0,1,1,2,3,875,925
290,101,288,42.0,441.0,42,46,62,79,113,358,441
291,120,480,0.0,1500.0,0,0,1,1,1,1080,1500
292,25022,28,62.0,62093.0,62,62,13540,22107,32472,62093,62093
293,12902,11,1899.0,23147.0,1899,1899,9833,13344,16459,19824,19824
294,1396,576,578.0,5684.0,578,640,878,1033,1485,4789,5684
295,1326,1433,140.0,111265.0,140,220,546,876,1372,9353,111265
296,191,52,35.0,614.0,35,35,94,136,189,614,614
297,22937,719,22090.0,32100.0,22090,22154,22444,22688,23172,25412,32100
298,0,1440,0.0,8.0,0,0,0,0,0,0,8
299,6356,737,556.0,14235.0,1488,4896,5634,6175,6831,11738,14235
300,1996,288,29.0,20122.0,29,49,165,1853,3108,8047,20122
301,56,1440,17.0,1909.0,19,21,24,30,43,625,1909
302,93,134,46.0,172.0,46,46,78,93,109,156,172
303,74,53,0.0,2410.0,5,5,10,16,51,616,616
304,743,227,17.0,6316.0,17,21,86,152,1123,5587,5587
305,186,19824,105.0,6272.0,108,115,120,124,140,1409,5710
306,2216,480,1123.0,8477.0,1123,1137,1385,1599,3016,6978,8477
307,24,1440,0.0,406.0,0,7,15,19,20,95,406
308,54712,857,228.0,267999.0,948,2402,13672,32074,61869,229429,267777
309,301,288,156.0,3328.0,156,156,234,296,328,548,3328
310,22924,10,29.0,61423.0,29,29,36,670,56280,61423,61423
311,38379,534,98.0,488093.0,98,767,1023,1224,1485,480235,488093
312,928,1159,90.0,103152.0,90,93,109,141,171,344,103152
313,197,24,125.0,407.0,125,125,140,171,234,407,407
314,184,288,93.0,908.0,93,121,156,171,198,543,908
315,106,1431,31.0,4188.0,31,46,62,78,111,375,4188
316,31,720,2.0,2353.0,2,3,8,9,10,760,2353
317,22878,629,10.0,300376.0,572,572,4583,9826,18067,215128,300376
318,348,301,49.0,1720.0,62,77,171,268,414,1218,1720
319,5103,20,306.0,12331.0,343,343,372,429,12172,12172,12172
320,1414,19,0.0,26856.0,0,0,0,0,0,26856,26856
321,94,882,5.0,1485.0,5,5,6,6,10,1062,1485
322,19,1445,0.0,3000.0,0,0,15,15,15,174,3000
323,941,86,0.0,29563.0,0,0,0,0,19,29563,29563
324,264,1962,0.0,9155.0,0,13,34,242,346,1703,9155
325,151,288,62.0,578.0,62,62,78,120,187,453,578
326,21,360,15.0,59.0,15,16,18,20,22,38,59
327,267,2346,73.0,13309.0,88,138,169,192,259,2214,10878
328,35843,288,33348.0,42692.0,33348,33645,34857,35651,36494,40087,42692
329,472,17038,65.0,73240.0,160,192,271,318,415,4195,26653
330,2408,391,1055.0,17219.0,1055,1104,1344,1800,2664,10825,15159
331,1,153,0.0,17.0,0,0,0,0,3,8,8
332,16,1919,0.0,672.0,1,1,13,14,16,64,672
333,266,480,171.0,726.0,171,173,218,235,270,640,726
334,5,13954,0.0,4078.0,0,0,0,0,1,78,2750
335,17397,675,1746.0,71335.0,1767,1800,2802,19925,27494,42542,55533
336,14713,288,8203.0,28824.0,8203,9811,13348,14275,15834,23358,28824
337,710,1440,31.0,11132.0,31,46,124,188,281,4143,11132
338,35,1404,8.0,509.0,9,10,16,29,48,135,322
339,1875,1440,63.0,21996.0,63,810,1052,1320,2441,5185,21996
340,39,1428,34.0,98.0,34,35,38,39,40,52,98
341,2,288,0.0,155.0,0,0,0,0,0,44,155
342,2,289,0.0,125.0,0,0,0,0,0,49,125
343,203,360,4.0,1995.0,4,4,5,18,133,1344,1995
344,0,158,0.0,31.0,0,0,0,0,0,18,31
345,9767,531,546.0,157863.0,546,648,2117,6759,10180,64349,157863
346,1049,288,114.0,3971.0,114,116,990,1061,1170,2893,3971
347,265,626,78.0,4332.0,109,140,175,259,303,699,2353
348,2233,19,9.0,8657.0,128,128,1803,2520,2821,4947,4947
349,1,289,0.0,237.0,0,0,0,0,0,19,237
350,320,778,3.0,18868.0,3,4,7,10,64,9041,18868
351,246,288,0.0,8595.0,0,0,0,0,122,3640,8595
352,1607,33,645.0,3276.0,1034,1034,1034,1465,2539,2539,2539
353,260,288,3.0,1527.0,3,8,19,22,650,1132,1527
354,617,34,103.0,1664.0,111,111,206,454,1018,1664,1664
355,14,57,0.0,285.0,2,2,2,2,9,115,115
356,390,359,44.0,3253.0,46,62,140,218,344,2325,3253
357,30049,719,29995.0,33676.0,29995,30003,30016,30024,30034,30445,33676
358,180,289,0.0,9820.0,0,0,0,31,78,9587,9820
359,124,288,2.0,1043.0,2,2,3,4,11,988,1043
360,41,360,4.0,1384.0,4,4,8,11,28,972,1384
361,485,5,31.0,1161.0,31,31,31,109,1093,1161,1161
362,2702,11,1929.0,3590.0,1929,1929,2346,2777,3018,3330,3330
363,371,2,365.0,377.0,365,365,365,365,377,377,377
364,1124,220,421.0,4405.0,421,481,718,849,1281,3750,4405
365,393,61,157.0,4345.0,182,182,338,371,573,573,573
366,75,6422,9.0,48248.0,10,15,23,27,31,314,48248
367,162684,377,98864.0,450272.0,98864,100928,118659,138345,191294,379055,450272
368,441,5740,4.0,6024.0,5,7,68,92,761,2341,4015
369,1850,1120,1199.0,6677.0,1211,1271,1516,1717,1964,4552,5167
370,24280,719,20477.0,70647.0,20477,20679,22455,23529,25079,36759,70647
371,163,288,78.0,330.0,78,93,140,156,187,266,330
372,16771,288,4398.0,43403.0,4398,5538,7195,10525,30738,40284,43403
373,47,677,0.0,745.0,0,12,31,45,49,187,745
374,16,288,0.0,234.0,0,0,0,17,19,221,234
375,1153,46,46.0,11742.0,130,130,299,358,694,11742,11742
376,123,480,0.0,2437.0,0,0,11,19,59,1062,2437
377,306,698,6.0,12382.0,6,7,11,19,69,3796,12382
378,257,3331,14.0,3234.0,15,19,53,311,395,934,3234
379,16,2,8.0,24.0,8,8,8,8,24,24,24
380,157,222,0.0,986.0,0,0,1,2,3,973,986
381,14,360,11.0,30.0,11,11,13,14,15,26,30
382,235,77,0.0,2563.0,31,31,90,156,157,2563,2563
383,38386,288,203.0,220094.0,258,275,2410,32040,66766,136807,220094
384,10,9695,6.0,237.0,7,8,9,9,11,31,237
385,33,20,1.0,309.0,5,5,5,10,16,127,127
386,17,1,17.0,17.0,17,17,17,17,17,17,17
387,120,283,3.0,4417.0,4,4,11,63,183,628,628
388,31282,1086,48.0,42272.0,2070,30022,30070,30303,32555,35792,39895
389,5265,288,1224.0,10489.0,1224,1297,3140,5080,7280,9709,10489
390,1,285,0.0,62.0,0,0,0,0,0,46,62
391,0,288,0.0,10.0,0,0,0,0,0,0,10
392,1526,4284,447.0,60570.0,466,593,865,1059,1712,4257,60570
393,68,37,31.0,404.0,42,42,52,59,62,404,404
394,270,287,1.0,4124.0,1,1,1,8,547,2325,4124
395,145,287,1.0,1367.0,1,1,3,8,24,1012,1367
396,120,14,78.0,421.0,81,81,81,111,111,249,249
397,225,1440,4.0,3704.0,4,5,9,14,77,1707,3704
398,9020,454,5577.0,20562.0,5577,5879,7229,8190,9855,16876,20562
399,614,533,67.0,33243.0,67,75,106,132,210,9422,33243
400,211,478,156.0,656.0,156,156,187,203,234,406,656
401,16,17948,0.0,47296.0,1,1,3,4,6,186,47296
402,4,576,0.0,79.0,0,0,0,0,13,33,79
403,376,141,51.0,4394.0,59,70,128,167,543,2108,4394
404,7,1152,1.0,138.0,1,1,1,3,4,102,135
405,1671,3,235.0,4218.0,235,235,235,562,4218,4218,4218
406,21,1440,0.0,525.0,0,0,15,15,19,167,525
407,6,288,0.0,152.0,0,0,0,0,15,50,152
408,523,288,35.0,8247.0,35,41,82,96,128,6737,8247
409,296,288,0.0,7313.0,0,0,0,0,0,5984,7313
410,700,8631,49.0,28232.0,216,286,513,584,647,2558,8243
411,31593,1440,359.0,63378.0,359,401,732,39992,62186,62504,63378
412,100,2010,0.0,4534.0,0,15,31,46,76,2122,4534
413,131,289,31.0,3056.0,31,31,78,93,136,595,3056
414,8,288,0.0,342.0,0,0,0,0,0,109,342
415,510,1980,59.0,7431.0,78,125,279,384,550,2083,4406
416,93,287,0.0,7110.0,0,0,0,0,0,2127,7110
417,30109,3,30097.0,30117.0,30097,30097,30097,30115,30117,30117,30117
418,534,8640,3.0,5410.0,314,342,365,381,600,1740,3386
419,757,288,281.0,9370.0,281,298,366,428,775,2976,9370
420,829,1440,15.0,14049.0,15,718,765,796,843,1111,14049
421,705,288,76.0,3908.0,76,85,148,611,1056,2853,3908
422,30,1440,6.0,230.0,6,10,15,31,31,67,230
423,125,4,31.0,219.0,91,91,91,95,95,219,219
424,86,6772,8.0,9402.0,9,12,16,20,28,1430,7754
425,5,11,1.0,14.0,1,1,1,7,9,14,14
426,7809,1100,279.0,300472.0,281,288,324,380,468,300037,300472
427,1015,3,109.0,1937.0,554,554,554,554,1937,1937,1937
428,109,288,8.0,2960.0,8,9,21,38,78,1560,2960
429,718,5977,49.0,33039.0,71,267,408,460,511,3583,27737
430,65,288,10.0,684.0,10,10,18,31,64,622,684
431,194,4255,17.0,3922.0,20,30,62,88,161,1704,3236
432,1583,720,28.0,22562.0,28,49,81,821,2045,7695,22562
433,238,288,7.0,3372.0,7,8,28,37,254,2546,3372
434,9160,288,1279.0,48482.0,1279,1294,1989,5380,14457,45809,48482
435,25,29,0.0,728.0,0,0,0,0,0,728,728
436,1,17276,0.0,343.0,0,0,0,0,2,9,62
437,14,360,11.0,37.0,11,11,13,14,15,26,37
438,34,287,15.0,140.0,15,15,31,31,46,62,140
439,21,152,7.0,258.0,7,7,7,8,19,254,258
440,115,492,46.0,1305.0,46,46,62,78,137,593,812
441,44,268,1.0,548.0,1,1,2,38,56,245,548
442,1322,4668,234.0,13826.0,281,407,735,1032,1468,6002,10447
443,99,360,1.0,1311.0,1,1,1,1,13,983,1311
444,2,289,0.0,46.0,0,0,0,0,0,31,46
445,12,1240,0.0,1427.0,1,1,2,4,6,205,714
446,120,480,62.0,328.0,62,62,109,109,140,218,328
447,140938,1863,387.0,605935.0,449,727,16053,141974,179164,601647,605935
448,294,480,93.0,4870.0,93,96,140,160,189,3289,4870
449,226,81,171.0,546.0,187,187,202,210,224,546,546
450,695,8630,49.0,35405.0,209,302,505,583,645,2431,9971
451,80,164,10.0,2468.0,10,12,15,15,31,1843,2468
452,80,299,10.0,407.0,10,14,58,74,95,231,266
453,261,1,261.0,261.0,261,261,261,261,261,261,261
454,1035,767,271.0,97366.0,320,356,594,861,1011,6126,97366
455,14113,26,9243.0,18908.0,14113,14113,14113,14113,14113,14113,14113
456,2744,1453,1279.0,23989.0,1279,1370,2079,2297,2785,14109,23989
457,67,1440,26.0,6039.0,26,31,31,46,96,187,6039
458,3016,1440,538.0,22018.0,538,575,972,2423,4539,12049,22018
459,958,1440,691.0,2593.0,691,769,882,944,1018,1293,2593
460,443,2400,0.0,3890.0,117,170,275,375,523,1202,2086
461,19,267415,3.0,5247.0,3,12,15,17,18,83,1207
462,240,1440,2.0,12037.0,2,8,26,36,68,1774,12037
463,83,5036,10.0,2791.0,11,12,19,33,96,891,2001
464,463,717,3.0,5830.0,3,3,10,48,794,3260,5830
465,842,1440,62.0,80858.0,62,88,252,366,559,12275,40553
466,210,352,0.0,1357.0,0,0,62,200,295,659,1220
467,174,993,0.0,16187.0,0,11,15,23,34,11672,16187
468,249,1,249.0,249.0,249,249,249,249,249,249,249
469,70,720,0.0,1391.0,0,0,0,0,0,838,1391
470,1,1581,0.0,21.0,0,0,0,0,0,19,21
471,400,288,30.0,3439.0,30,31,52,83,511,2609,3439
472,50,288,0.0,1327.0,0,0,0,0,0,875,1327
473,0,288,0.0,62.0,0,0,0,0,0,15,62
474,47,53,1.0,472.0,2,2,8,38,38,472,472
475,661,1439,82.0,7117.0,82,90,110,155,1023,4051,7117
476,96,442,0.0,1843.0,0,0,15,31,78,1115,1115
477,3624,12754,68.0,205419.0,68,283,1058,1693,2734,47071,187760
478,1234,1440,895.0,61844.0,895,907,961,1006,1100,3470,38097
479,8,286,0.0,190.0,0,0,0,0,0,125,190
480,18,288,0.0,134.0,0,0,15,15,20,87,134
481,15,288,0.0,310.0,0,0,0,0,0,265,310
482,56,5949,14.0,4612.0,14,17,22,29,46,416,4044
483,11,579,0.0,230.0,0,0,0,5,16,110,230
484,589,720,62.0,99082.0,62,93,125,156,240,6190,99082
485,0,624,0.0,19.0,0,0,0,0,0,5,7
486,38,565,1.0,859.0,1,1,8,11,18,511,859
487,5921,3887,229.0,301013.0,241,255,283,313,368,300031,300934
488,630,288,17.0,9928.0,17,24,86,144,1044,3110,9928
489,6527,1929,62.0,69683.0,62,107,263,518,1689,57415,67817
490,3281,3666,187.0,60930.0,257,355,535,779,4617,23606,60776
491,1665,240,220.0,12337.0,220,274,692,1230,2124,7044,12337
492,227,478,67.0,11826.0,67,91,140,175,223,679,11826
493,187,240,0.0,1769.0,0,0,0,2,39,1482,1769
494,785,288,18.0,4049.0,18,19,65,746,1056,3774,4049
495,49231,2578,46.0,208443.0,46,62,4020,29825,100755,201315,205940
496,497,1440,0.0,38252.0,0,15,62,109,282,6731,25683
497,2009,1440,968.0,46688.0,968,995,1412,1538,1796,23943,46688
498,7,360,5.0,87.0,5,5,7,7,8,16,87
499,847,480,298.0,4550.0,298,303,346,451,1226,2645,4550
500,652,288,163.0,3183.0,163,182,226,263,1057,2243,3183
501,946,69,86.0,2504.0,86,86,552,798,1308,2504,2504
502,663,720,56.0,3457.0,58,131,489,524,576,2784,3434
503,138,1440,2.0,2593.0,2,2,3,3,8,1030,2593
504,24,12,1.0,139.0,8,8,8,30,30,30,30
505,25507,288,14040.0,253196.0,14040,15701,19948,21675,25017,68213,253196
506,1783,21,10.0,13091.0,10,10,16,29,162,8161,8161
507,34584,50,15.0,164974.0,786,786,4536,9685,45568,164974,164974
508,112,740,2.0,4250.0,2,3,16,38,90,1019,4250
509,149,616,7.0,14433.0,7,15,36,62,101,2471,4842
510,157,1440,1.0,1501.0,1,1,1,1,3,1001,1501
511,10004,16,28.0,36970.0,45,45,80,5578,11615,36970,36970
512,969,288,46.0,16221.0,46,46,93,139,173,14049,16221
513,284,11093,6.0,16097.0,7,9,15,25,58,7191,16097
514,32,31548,0.0,3482.0,6,16,22,25,43,70,1507
515,22408,46,640.0,151883.0,900,900,2765,12452,30194,151883,151883
516,42468,443,42019.0,45515.0,42019,42037,42060,42075,42767,44692,45515
517,12294,28,0.0,32852.0,17,17,9574,10203,13423,32852,32852
518,252,26,0.0,2544.0,0,0,17,38,72,2544,2544
519,436,1904,29.0,4360.0,46,245,245,389,569,704,2078
520,33,288,0.0,516.0,0,0,18,29,31,222,516
521,4450,5,4405.0,4489.0,4450,4450,4450,4450,4450,4450,4450
522,0,720,0.0,126.0,0,0,0,0,0,0,126
523,105,1440,0.0,1298.0,0,0,0,0,1,974,1298
524,61,4511,12.0,3593.0,12,13,17,21,37,866,3593
525,15753,55,7603.0,39899.0,8391,8391,10735,14211,16406,39899,39899
526,214,116,17.0,2001.0,17,18,25,36,94,1632,2001
527,187,21666,12.0,18796.0,13,14,15,16,17,5557,18490
528,57021,216,48364.0,64899.0,48364,49546,54973,57383,59218,64220,64899
529,2126,99,515.0,6127.0,515,515,2027,2171,2385,6127,6127
530,30,349,0.0,828.0,0,0,15,18,30,239,828
531,1872,1440,1125.0,13520.0,1125,1142,1238,1363,2276,4066,13520
532,190,288,46.0,3606.0,46,59,107,135,187,2406,3606
533,311,239,126.0,2446.0,126,134,177,201,241,1400,2446
534,146,1642,9.0,2483.0,22,24,44,66,238,630,1291
535,4,2759,0.0,470.0,0,0,0,0,6,50,235
536,1735,2862,204.0,28504.0,230,312,725,1147,1898,12802,28504
537,455,381,0.0,9449.0,0,0,10,19,110,4750,9449
538,6,1435,0.0,1140.0,0,0,0,0,0,156,1140
539,522,288,205.0,2182.0,205,209,223,233,795,2136,2182
540,706,29,31.0,1469.0,465,465,554,672,864,1266,1266
541,259,1,259.0,259.0,259,259,259,259,259,259,259
542,138,1445,0.0,1473.0,0,0,1,1,3,1032,1473
543,619,288,426.0,1060.0,426,439,490,542,758,1031,1060
544,499,1,499.0,499.0,499,499,499,499,499,499,499
545,1167,1438,4.0,16728.0,4,5,13,226,1658,10555,16728
546,15,1289,2.0,1021.0,3,4,6,8,9,292,345
547,7103,39,35.0,25366.0,35,35,274,1129,15742,23872,23872
548,6962,43,1238.0,13517.0,1238,1238,4718,5906,8933,13517,13517
549,2678,4,389.0,3580.0,389,389,389,3235,3544,3544,3544
550,62,288,26.0,2060.0,26,27,38,53,60,323,2060
551,554,288,101.0,5940.0,101,110,139,189,781,4598,5940
552,155,5772,0.0,5419.0,0,10,23,34,52,2350,5053
553,471,8593,77.0,11636.0,91,103,123,132,149,7474,11636
554,124,289,31.0,2078.0,31,31,49,62,79,1689,2078
555,126,1440,1.0,1487.0,1,1,1,1,2,1015,1487
556,152,155,13.0,1945.0,21,21,39,118,187,417,417
557,129,246,0.0,1408.0,0,0,1,1,9,1000,1408
558,129,60,31.0,406.0,31,31,54,78,230,406,406
559,89,1440,15.0,2542.0,15,31,34,65,124,265,2542
560,834,1437,22.0,7264.0,22,32,74,768,1262,3047,7264
561,9,2316,6.0,137.0,7,7,8,8,10,35,137
562,24908,29646,78.0,551368.0,93,231,317,559,47705,264656,550460
563,59,83,1.0,1188.0,1,1,2,2,4,1188,1188
564,236,1435,3.0,2020.0,3,3,5,10,108,1707,2020
565,77,1439,14.0,1746.0,14,31,51,64,93,209,1746
566,1003,151,174.0,27237.0,174,189,359,536,828,7550,27237
567,1626,288,343.0,22688.0,343,359,466,1277,1687,8032,22688
568,904,288,89.0,4243.0,89,96,211,876,1201,3661,4243
569,11,289,0.0,609.0,0,0,0,0,0,281,609
570,321,288,187.0,8407.0,187,187,218,296,343,562,8407
571,0,360,0.0,0.0,0,0,0,0,0,0,0
572,1557,1554,31.0,11487.0,41,46,85,117,359,9364,9364
573,188,1589,0.0,88794.0,0,0,15,16,30,450,44428
574,420,288,46.0,1722.0,46,62,254,406,555,1126,1722
575,3906,18,46.0,9165.0,46,46,109,5056,5793,9165,9165
576,195,288,1.0,1472.0,1,1,2,9,64,1321,1472
577,145,480,4.0,3339.0,4,5,10,10,11,1624,3339
578,679,2880,249.0,2453.0,249,312,437,500,684,1579,2453
579,522,6585,46.0,27858.0,166,229,312,333,368,1355,27858
580,3215,150,1718.0,8953.0,1718,1828,2234,2484,3258,8344,8953
581,237,2863,93.0,100683.0,93,104,124,140,171,597,50564
582,310,142,6.0,3310.0,9,9,103,167,386,2724,3310
583,4,170,1.0,61.0,1,1,1,2,4,37,37
584,17,3464,6.0,5213.0,6,7,9,12,16,64,5213
585,19830,1775,62.0,225448.0,62,337,4308,14315,26438,108863,217853
586,206,334,31.0,5369.0,31,62,119,160,205,821,5369
587,291653,276,290237.0,298960.0,290237,290614,291156,291462,291836,297616,298960
588,1454,480,187.0,62954.0,187,198,356,921,1885,5709,62954
589,5295,288,1239.0,10505.0,1239,1296,3127,5219,7370,9721,10505
590,514,66,7.0,8541.0,22,22,70,109,299,5514,5514
591,457,14778,6.0,221214.0,6,10,18,25,48,7372,91321
592,0,288,0.0,31.0,0,0,0,0,0,19,31
593,27553,4844,99.0,611351.0,102,301,9947,16766,27920,248833,543077
594,897,8611,120.0,14484.0,127,143,260,578,1343,3263,6141
595,412,1440,203.0,2617.0,203,234,312,375,453,1203,2617
596,187,51,78.0,531.0,119,119,147,165,257,307,307
597,1363,1,1363.0,1363.0,1363,1363,1363,1363,1363,1363,1363
598,16,296,0.0,150.0,0,0,12,15,18,38,46
599,1115,105,194.0,5508.0,197,263,755,755,975,5227,5227
600,1746,1,1746.0,1746.0,1746,1746,1746,1746,1746,1746,1746
601,11,720,0.0,140.0,0,0,0,15,15,32,140
602,258,1440,0.0,34748.0,0,0,0,15,31,12344,34748
603,493,288,107.0,5922.0,107,109,140,187,251,5002,5922
604,170,289,1.0,1393.0,1,1,3,4,30,1187,1393
605,94,612,15.0,2426.0,24,26,44,53,66,801,1691
606,1347,11,118.0,9682.0,125,125,167,233,1579,9682,9682
607,670,68,234.0,5032.0,234,234,281,343,406,2714,2714
608,2422,480,1439.0,18253.0,1439,1484,1757,1841,2079,13881,18253
609,1837,510,139.0,22157.0,264,271,531,1114,1986,12717,22157
610,50,50,31.0,124.0,31,31,46,46,46,124,124
611,10,1440,0.0,77.0,0,0,0,12,17,32,77
612,327,66,0.0,1530.0,11,11,85,293,359,1406,1406
613,85,3614,0.0,35793.0,0,7,15,17,23,216,35793
614,75,2880,31.0,2069.0,31,42,62,62,78,183,1376
615,465,720,90.0,4611.0,90,122,194,270,418,3041,4611
616,539,1321,21.0,5519.0,21,37,48,90,883,3048,5519
617,27,1704,4.0,2716.0,4,7,16,21,25,70,2716
618,3700,40564,13.0,153716.0,52,242,1228,2309,4018,33787,153716
619,7,288,0.0,78.0,0,0,0,0,15,66,78
620,2009,991,213.0,541929.0,213,595,782,903,973,3070,541929
621,17,927,1.0,232.0,1,1,10,13,16,108,140
622,70,288,10.0,798.0,10,10,18,32,68,649,798
623,1824,288,595.0,8407.0,595,609,1109,1393,2023,7407,8407
624,171,192,31.0,4767.0,31,32,112,140,159,687,4767
625,24,3410,4.0,451.0,9,17,21,23,26,42,237
626,4824,1056,328.0,196017.0,750,1134,2526,3430,5037,18227,196017
627,2679,9428,15.0,79557.0,46,72,255,671,2018,29845,76608
628,123,480,46.0,370.0,46,62,94,110,140,272,370
629,73,3218,0.0,37710.0,0,0,15,30,34,1243,37710
630,1120,11,56.0,11540.0,56,56,57,66,98,11540,11540
631,37,364,15.0,144.0,15,16,28,33,42,116,144
632,770,288,18.0,3943.0,18,19,49,787,1075,3502,3943
633,1023,628,54.0,9503.0,54,64,128,695,1690,4899,9503
634,21466,3,17559.0,25463.0,17559,17559,17559,21377,25463,25463,25463
635,982,4,240.0,1958.0,240,240,240,577,1156,1958,1958
636,94,82,0.0,1176.0,0,0,8,23,48,1176,1176
637,765,1350,0.0,29288.0,0,20,155,298,553,8632,29280
638,2,172,0.0,8.0,0,0,1,1,3,7,8
639,30471,133,6.0,183794.0,6,7,14,35,79480,147247,147247
640,23,1440,0.0,4189.0,0,0,15,15,20,114,4189
641,818,288,64.0,5496.0,64,74,109,261,1614,3525,5496
642,486,287,34.0,5246.0,34,36,49,60,844,3378,5246
643,71,1440,27.0,1057.0,27,28,32,34,36,971,1057
644,1065,2687,640.0,5477.0,950,950,998,1019,1049,1650,2891
645,291,405,22.0,1130.0,22,66,186,298,350,549,549
646,443,369,18.0,4941.0,18,18,35,272,467,4259,4941
647,245,480,93.0,5305.0,93,93,124,125,233,2062,5305
648,369,119072,75.0,7033.0,115,125,247,269,304,2636,4589
649,4,17268,0.0,5153.0,0,0,0,2,3,38,1621
650,2,287,0.0,246.0,0,0,0,0,0,36,246
651,7315,30,549.0,51329.0,549,549,704,796,984,51329,51329
652,920,204,272.0,51553.0,272,281,359,406,468,1038,51553
653,45,288,0.0,776.0,0,0,0,15,18,539,776
654,622,2205,14.0,10569.0,14,23,470,594,767,1408,10569
655,13,45,1.0,64.0,3,3,4,6,18,39,39
656,13,122,0.0,187.0,0,0,0,0,15,109,187
657,1851,19,624.0,3119.0,1505,1505,1505,1950,1950,2713,2713
658,4739,26,2401.0,14750.0,2839,2839,2865,3150,7045,8882,8882
659,57,17256,2.0,4273.0,2,3,4,5,9,547,1126
660,18,1120,0.0,218.0,0,0,9,15,19,109,218
661,3,288,0.0,221.0,0,0,0,0,0,66,221
662,503,54,125.0,2054.0,125,125,222,294,539,2054,2054
663,0,717,0.0,0.0,0,0,0,0,0,0,0
664,3424,288,92.0,37119.0,92,108,190,269,522,26162,37119
665,214,288,3.0,1959.0,3,3,4,4,10,1958,1959
666,28957,286,2547.0,158394.0,2547,2567,7376,28772,41015,147728,158394
667,316,144,18.0,3663.0,18,19,20,25,359,2238,3663
668,384,7513,128.0,95330.0,148,155,169,178,193,1148,95330
669,304,1,304.0,304.0,304,304,304,304,304,304,304
670,178,288,0.0,1364.0,0,0,1,7,46,1003,1364
671,15,114,2.0,150.0,2,2,6,11,20,103,103
672,215,956,6.0,6198.0,7,7,10,13,159,5047,6198
673,33,1440,0.0,1470.0,0,0,0,0,1,969,1470
674,42104,37,78.0,171464.0,312,312,10437,22997,62758,171464,171464
675,15,3285,3.0,2124.0,3,7,10,11,12,65,2124
676,6187,98,0.0,300041.0,0,0,0,19,66,300041,300041
677,5445,27,3280.0,6687.0,3280,3280,4166,5912,6180,6687,6687
678,286,4,77.0,577.0,77,77,77,94,398,577,577
679,10813,288,7493.0,18039.0,7493,7530,9824,10623,11676,16403,18039
680,5069,3059,235.0,29954.0,235,1789,2344,3177,5695,20569,20591
681,392,290,186.0,2213.0,186,207,233,245,271,2069,2213
682,825,1131,22.0,5076.0,22,24,74,588,1385,3022,5076
683,48,1800,3.0,5309.0,3,15,21,31,38,150,5309
684,100,360,0.0,1921.0,0,0,0,15,33,1499,1921
685,16,8656,12.0,1399.0,12,12,13,14,15,76,775
686,28,10654,0.0,1783.0,9,14,20,25,35,62,203
687,6,287,0.0,315.0,0,0,0,0,0,231,315
688,33,2167,7.0,1849.0,8,9,12,14,29,147,1849
689,172,480,75.0,14250.0,75,78,124,140,156,287,14250
690,108,150,8.0,968.0,32,32,41,51,104,903,968
691,619,1440,535.0,703.0,535,546,595,625,642,677,703
692,1183,1438,4.0,17213.0,4,5,14,236,1683,10519,17213
693,2066,123726,47.0,133068.0,62,77,130,182,387,38409,119235
694,4128,12923,2500.0,34273.0,2500,2687,3203,3502,4203,13384,32034
695,96978,59,5127.0,177125.0,5587,5587,7402,148535,150756,169576,169576
696,4,2496,0.0,2677.0,0,0,0,0,1,6,1874
697,0,288,0.0,3.0,0,0,0,0,0,0,3
698,507,1440,124.0,19461.0,124,124,156,171,234,4934,19461
699,670,10,15.0,1765.0,93,93,94,140,1500,1765,1765
700,3,288,0.0,187.0,0,0,0,0,0,49,187
701,250,240,124.0,10294.0,140,140,159,171,199,1386,1875
702,234,19,1.0,1389.0,1,1,110,166,282,1389,1389
703,10661,24,2726.0,24031.0,6060,6060,6792,10263,12653,19248,19248
704,2279,15,184.0,3657.0,184,184,1911,2495,3305,3657,3657
705,48,9,9.0,197.0,9,9,27,27,31,197,197
706,28,1440,0.0,972.0,0,0,15,15,33,109,972
707,1,278,0.0,59.0,0,0,0,0,1,9,29
708,0,288,0.0,19.0,0,0,0,0,0,19,19
709,302757,5,302446.0,303513.0,302446,302446,302535,302568,302726,303513,303513
710,93,7261,4.0,97571.0,5,13,19,23,30,158,58977
711,1333,964,160.0,13190.0,160,265,785,995,1341,5273,13190
712,183,15,18.0,461.0,18,18,161,186,235,461,461
713,0,288,0.0,0.0,0,0,0,0,0,0,0
714,6,288,0.0,270.0,0,0,0,0,0,187,270
715,155,480,46.0,718.0,46,62,109,125,171,453,718
716,0,288,0.0,18.0,0,0,0,0,0,0,18
717,400,480,265.0,13307.0,265,281,314,344,390,1073,13307
718,507,4305,0.0,11000.0,0,0,0,6,976,2256,11000
719,1087,288,22.0,8461.0,22,24,78,1022,1724,5694,8461
720,4913,870,3972.0,11211.0,3972,4056,4378,4729,5397,6817,7937
721,300377,231,300024.0,306316.0,300024,300029,300071,300225,300426,303788,306316
722,5,920,0.0,34.0,0,0,3,6,9,16,18
723,0,288,0.0,0.0,0,0,0,0,0,0,0
724,108,287,4.0,1069.0,4,6,12,15,21,1023,1069
725,350,1440,28.0,4935.0,28,30,38,47,179,2863,4935
726,477,2880,46.0,7380.0,46,62,231,529,656,1078,7380
727,144,288,3.0,1672.0,3,3,10,22,26,1039,1672
728,2440,2160,8.0,31336.0,72,168,990,1741,2187,16580,29735
729,406,264,34.0,2445.0,34,35,95,103,751,2041,2445
730,67,60,8.0,1751.0,10,10,12,13,16,1751,1751
731,409,2042,58.0,36913.0,59,66,84,102,194,2295,36913
732,9325,8455,114.0,11929.0,114,1141,9099,10012,10032,10449,11825
733,32,1695,0.0,724.0,0,7,15,23,31,250,641
734,31106,465,30002.0,54642.0,30002,30020,30069,30167,31078,36083,54642
735,3540,1434,906.0,130872.0,906,956,1359,1967,3478,22446,130872
736,585,32,249.0,1373.0,249,249,430,505,539,1099,1099
737,809,335,422.0,2079.0,467,467,689,708,890,1554,1554
738,8,276,0.0,344.0,0,0,0,1,9,79,344
739,65,273,0.0,809.0,0,0,7,15,110,654,809
740,5935,1100,2.0,128385.0,3,6,12,24,56,84902,128385
741,3764,288,3220.0,15619.0,3220,3250,3505,3664,3877,5390,15619
742,33,176,4.0,1009.0,6,6,9,15,22,984,1009
743,69,90,0.0,858.0,0,0,0,16,47,858,858
744,1195,480,846.0,4134.0,846,864,1023,1058,1125,2865,4134
745,3081,376,15.0,19964.0,15,18,1900,2445,3145,17076,19964
746,3387,288,1546.0,9204.0,1546,1609,2101,2406,3234,8906,9204
747,108,1440,15.0,437.0,15,48,78,93,124,249,437
748,8117,224,1587.0,35201.0,1697,1724,2830,5953,12409,33375,33375
749,178,288,1.0,1219.0,1,1,3,4,10,1016,1219
750,72,150,0.0,1342.0,0,0,0,15,29,1161,1187
751,152,287,0.0,8843.0,0,0,0,0,0,4362,8843
752,44,633,0.0,1394.0,0,9,29,34,46,302,508
753,371,477,171.0,2296.0,187,187,311,375,406,1063,2238
754,2822,8294,62.0,61017.0,62,140,1145,1764,3609,12897,61017
755,857,1435,28.0,21261.0,28,34,50,60,82,12587,21261
756,300420,246,300084.0,301027.0,300084,300088,300381,300424,300479,300829,301027
757,704,2,340.0,1068.0,704,704,704,704,704,704,704
758,7797,131,2156.0,42835.0,2156,2857,4353,6526,7733,34845,42835
759,31793,1565,15.0,142441.0,23,30,1590,13415,62706,90235,137992
760,1273,288,761.0,4886.0,761,770,895,992,1602,3501,4886
761,26209,288,21412.0,35771.0,21412,23068,25004,25853,27062,33218,35771
762,159,581,42.0,1871.0,42,46,67,80,178,796,1871
763,13,15062,6.0,2022.0,7,8,11,13,15,30,2022
764,42,288,8.0,1845.0,8,11,14,20,41,762,1845
765,181,27,25.0,1285.0,39,39,160,188,219,366,366
766,244,720,29.0,2672.0,29,124,171,187,218,1750,2672
767,149,380,15.0,1661.0,31,31,46,69,105,1164,1661
768,320,17,4.0,3125.0,5,5,48,64,104,3125,3125
769,676,2880,203.0,2423.0,203,281,419,516,689,1595,2423
770,65,4,25.0,141.0,29,29,29,67,83,83,83
771,412,288,0.0,8718.0,0,0,0,0,0,6347,8718
772,18,286,0.0,984.0,0,0,0,0,0,953,984
773,1646,25,126.0,3704.0,126,126,678,1374,2725,3357,3357
774,581,1440,3.0,16015.0,3,4,10,30,860,5035,16015
775,25,1440,0.0,1107.0,0,0,15,15,30,140,1107
776,10,3792,0.0,3112.0,0,1,5,8,10,47,105
777,27389,6175,0.0,645824.0,15,495,2251,6952,20264,310868,612261
778,741,172,328.0,8577.0,344,346,481,554,726,6743,8577
779,1127,495,15.0,8885.0,16,19,167,720,1419,5033,6582
780,172,39,0.0,1093.0,5,5,18,50,203,1093,1093
781,2708,3329,708.0,15031.0,880,1557,2147,2503,2976,6420,15031
782,18,1440,0.0,13548.0,0,0,0,0,0,234,13548
783,449,3,231.0,585.0,231,231,231,531,585,585,585
784,19,39,1.0,311.0,1,1,1,5,21,80,80
785,4231,288,343.0,22444.0,437,453,625,921,8326,16069,17696
786,661,1440,328.0,6670.0,328,359,453,515,610,2771,6670
787,286,357,0.0,5927.0,0,0,0,12,46,4833,5927
788,432,677,0.0,11227.0,0,0,10,17,20,10414,11227
789,8402,30,23.0,100402.0,23,23,101,549,4017,100402,100402
790,193,720,74.0,343.0,74,78,187,203,204,267,343
791,27,55,0.0,547.0,0,0,0,15,18,547,547
792,7,4,4.0,9.0,6,6,6,6,7,9,9
793,593,2275,47.0,12078.0,62,147,203,250,380,4796,11998
794,300,664,15.0,2593.0,15,31,171,257,375,1094,2593
795,712,1435,3.0,7536.0,3,4,11,132,1022,4253,7536
796,23,288,5.0,1426.0,5,7,12,19,20,198,1426
797,695,1158,160.0,9351.0,162,168,192,293,552,6137,9351
798,5,288,0.0,358.0,0,0,0,0,0,170,358
799,0,720,0.0,60.0,0,0,0,0,0,29,60
800,129,482,46.0,696.0,46,62,93,109,126,398,696
801,54,277,15.0,709.0,17,17,30,42,59,225,709
802,62,361,0.0,1448.0,0,0,0,0,17,1079,1448
803,519,480,46.0,2150.0,46,94,468,520,581,1279,2150
804,31990,314,214.0,63839.0,214,30014,30072,30216,35019,43834,63839
805,177,2867,0.0,23906.0,0,19,78,81,93,1913,11963
806,951,288,375.0,6970.0,375,388,515,625,1171,4609,6970
807,146,24,12.0,1410.0,24,24,24,43,94,1075,1075
808,685,4320,609.0,1562.0,609,640,665,679,695,828,1562
809,26,92,1.0,174.0,1,1,5,12,33,147,147
810,21994,1583,46.0,187289.0,60,296,5221,15559,30026,114258,187289
811,177,288,109.0,531.0,109,124,156,171,187,359,531
812,21959,318,9865.0,175030.0,9865,9978,15029,18486,23920,91722,175030
813,33,288,0.0,299.0,0,0,17,31,34,201,299
814,7,1450,0.0,142.0,0,0,0,0,15,93,142
815,6,288,0.0,31.0,0,0,0,0,15,18,31
816,0,260,0.0,0.0,0,0,0,0,0,0,0
817,167,365,12.0,3471.0,15,15,62,109,171,1219,1671
818,1069,1,1069.0,1069.0,1069,1069,1069,1069,1069,1069,1069
819,9958,85,2222.0,23446.0,2222,2222,8159,10134,11578,23446,23446
820,46,288,0.0,407.0,0,4,15,31,62,219,407
821,127,12176,0.0,1562.0,0,40,90,116,149,329,1400
822,319,60,26.0,3964.0,110,110,160,210,250,1998,1998
823,115,1669,15.0,2320.0,15,31,46,78,142,484,2320
824,255,288,7.0,1609.0,7,7,11,14,271,1179,1609
825,15,1440,0.0,410.0,0,0,0,15,18,62,330
826,4578,256,384.0,15004.0,656,656,1415,2534,7271,14255,14255
827,31349,1437,736.0,120917.0,736,908,29478,30375,33444,42206,120917
828,547,22,213.0,1532.0,213,213,253,280,384,1532,1532
829,105,8640,0.0,2014.0,0,0,0,0,240,805,1134
830,2,288,0.0,33.0,0,0,0,0,0,31,33
831,7,2016,0.0,62.0,0,0,0,7,15,19,59
832,85,1440,1.0,1215.0,1,1,1,4,6,977,1215
833,32362,68,11360.0,59715.0,22149,22149,22149,22149,31674,56587,56587
834,113,1440,62.0,7060.0,62,62,78,78,78,1167,7060
835,297,328,62.0,5922.0,77,78,126,172,222,5712,5922
836,792,1440,23.0,4606.0,23,35,75,697,1081,3013,4606
837,509,480,140.0,7216.0,140,171,271,360,527,3080,7216
838,457,288,33.0,8037.0,33,39,66,88,667,3969,8037
839,376,67,13.0,1493.0,14,14,32,109,763,1493,1493
840,663,2,624.0,703.0,624,624,624,624,703,703,703
841,73874,464,0.0,300717.0,15,31,200,63191,100800,300320,300717
842,5237,466,2414.0,256103.0,2414,2549,2936,3295,3680,45918,256103
843,4127,1435,785.0,57620.0,785,859,1583,2282,3605,11620,57620
844,632,6490,46.0,22071.0,79,242,377,464,632,2157,21351
845,88,9088,19.0,4844.0,20,26,36,44,73,646,4844
846,175,240,62.0,688.0,62,62,127,162,189,484,688
847,98,30,1.0,1329.0,1,1,1,1,1,1329,1329
848,3,1440,0.0,898.0,0,0,0,0,0,17,898
849,495,1440,301.0,15383.0,301,312,382,421,494,1750,15383
850,26,720,0.0,218.0,0,15,15,15,19,171,218
851,246,288,30.0,2866.0,30,33,61,73,92,1782,2866
852,10031,2717,9992.0,12446.0,9993,10000,10012,10019,10029,10355,12446
853,345,5209,15.0,112148.0,31,45,112,130,156,734,38590
854,108,480,31.0,328.0,31,46,78,98,124,312,328
855,225,2402,32.0,7796.0,32,39,53,66,87,3649,4997
856,2113,54,15.0,17615.0,15,15,921,1725,2626,7041,7041
857,270,128,59.0,950.0,59,61,96,152,438,523,853
858,649,2880,546.0,4534.0,546,562,578,609,671,1046,4534
859,798,237,39.0,5027.0,39,40,116,737,1085,2479,5027
860,262990,329,258316.0,273914.0,258316,258651,260794,262781,264831,270729,273914
861,58,13388,26.0,9281.0,31,34,41,47,58,197,1758
862,15220,1707,7357.0,127816.0,11734,12553,13301,13571,14058,45120,118913
863,645,720,2.0,10970.0,2,3,12,28,1011,3897,10970
864,13909,24909,85.0,98198.0,172,1089,6177,11772,19971,46563,83641
865,201,144,18.0,1405.0,18,19,23,30,66,1313,1405
866,44,9366,15.0,19035.0,17,22,30,36,42,163,19035
867,2257,288,723.0,8791.0,723,730,869,1614,3492,7181,8791
868,5628,287,1132.0,17298.0,1132,1231,3398,5384,7557,11402,17298
869,1,288,0.0,65.0,0,0,0,0,0,31,65
870,447,618,398.0,953.0,398,410,430,441,453,689,919
871,149,480,62.0,1145.0,62,78,125,140,160,287,1145
872,69,270,2.0,2011.0,3,6,10,14,45,582,1078
873,3388,121,15.0,8721.0,30,30,1896,3660,3660,6553,6553
874,2300,360,2066.0,21821.0,2066,2076,2134,2189,2271,3550,21821
875,17,169831,8.0,1969.0,10,12,15,16,18,38,310
876,91,1440,15.0,437.0,31,31,56,77,119,312,437
877,11,864,1.0,923.0,1,1,2,3,5,304,320
878,230,1440,15.0,3071.0,15,28,51,63,98,2059,3071
879,39,86,0.0,625.0,6,6,10,23,43,312,312
880,129542,5,59.0,304200.0,10524,10524,70831,70831,191325,304200,304200
881,16,288,3.0,26.0,3,3,13,18,19,24,26
882,225,172,72.0,3679.0,72,72,102,134,186,3602,3679
883,341,1,341.0,341.0,341,341,341,341,341,341,341
884,421,2,420.0,423.0,421,421,421,421,421,421,421
885,233,69,62.0,1296.0,72,72,140,186,304,859,859
886,221,8634,59.0,11388.0,77,85,119,222,274,602,2475
887,365,20,21.0,3315.0,141,141,215,230,276,1671,1671
888,80,624,10.0,2765.0,11,15,38,62,101,480,1398
889,200,18101,93.0,1500.0,114,124,154,213,224,327,562
890,344,345,4.0,2153.0,4,4,201,252,401,1547,2153
891,183,17129,0.0,7181.0,7,23,85,141,249,661,2263
892,86720,63,5146.0,237592.0,9594,9594,54133,81216,105909,200929,200929
893,177,720,31.0,14222.0,31,46,92,109,153,1693,14222
894,294,8,186.0,934.0,194,194,194,205,205,934,934
895,2921,210,124.0,19884.0,124,124,187,236,468,18431,19884
896,19,73,1.0,305.0,1,1,2,2,5,305,305
897,1,360,0.0,125.0,0,0,0,0,0,46,125
898,2194,280,20.0,38150.0,20,146,374,1171,3293,15543,38150
899,74976,246,0.0,153323.0,0,0,64791,88275,106571,128934,153323
900,15945,1438,15021.0,21555.0,15021,15177,15616,15856,16138,17778,21555
901,1,1439,0.0,72.0,0,0,0,0,0,6,36
902,56,11221,0.0,4036.0,1,7,16,22,33,996,3701
903,9756,252,0.0,136192.0,0,15,46,93,124,119321,136192
904,29,345,0.0,315.0,0,0,1,4,42,182,182
905,1093,1,1093.0,1093.0,1093,1093,1093,1093,1093,1093,1093
906,0,7173,0.0,52.0,0,0,0,0,0,10,21
907,1137,766,11.0,104970.0,11,15,15,15,31,96919,104970
908,270,279,2.0,3078.0,2,3,19,28,211,2297,3078
909,141,419,78.0,591.0,78,78,109,126,157,423,591
910,857,1440,78.0,9364.0,78,84,136,698,1208,3585,9364
911,327,578,80.0,2279.0,80,87,120,274,342,1441,2279
912,4984,23712,1223.0,220003.0,1299,1538,2360,3249,4867,38655,220003
913,204,288,17.0,1293.0,17,17,27,150,192,1148,1293
914,10,368,2.0,881.0,2,2,3,4,6,260,260
915,91,262,12.0,313.0,12,14,58,82,114,295,313
916,44,1439,0.0,4067.0,0,0,0,16,19,830,4067
917,144,12674,91.0,4434.0,93,109,124,132,142,452,2289
918,21651,82,591.0,87956.0,591,591,7156,17400,25062,80340,80340
919,211,1440,0.0,11497.0,0,0,0,0,0,3010,11497
920,38,5720,0.0,4545.0,0,13,20,26,36,169,4463
921,147,480,46.0,7658.0,46,62,109,124,140,296,7658
922,5646,287,1095.0,17310.0,1095,1251,3257,5689,7812,13121,17310
923,1543,12,260.0,2938.0,260,260,750,1763,1848,2938,2938
924,180,61,97.0,3423.0,118,118,119,167,234,234,234
925,823,693,15.0,103936.0,15,15,31,33,36,1632,103936
926,1302,14,312.0,7616.0,312,312,419,439,1307,7616,7616
927,269,4300,0.0,9776.0,0,0,0,15,516,1536,9776
928,757,288,83.0,4505.0,83,94,164,654,1182,3488,4505
929,3735,289,3144.0,6473.0,3144,3159,3446,3653,3915,5241,6473
930,286,288,13.0,2997.0,13,13,15,27,93,2636,2997
931,58,1683,0.0,609.0,0,0,15,35,78,299,609
932,138,1440,93.0,1406.0,93,109,125,131,140,209,1406
933,716,5977,48.0,33023.0,187,256,415,461,506,3351,28477
934,1719,2098,1336.0,7678.0,1344,1453,1503,1673,1867,2596,5515
935,453,288,343.0,1140.0,343,343,393,421,484,870,1140
936,55,98,0.0,321.0,0,0,25,31,62,321,321
937,2,8641,0.0,1909.0,0,0,0,0,3,45,641
938,125,1,125.0,125.0,125,125,125,125,125,125,125
939,623,308,559.0,1857.0,559,560,569,574,600,1162,1857
940,500,12,31.0,4784.0,49,49,49,49,1357,1357,1357
941,3,1440,0.0,1703.0,0,0,0,0,0,18,1703
942,2959,355,1691.0,33270.0,1691,1860,2106,2331,2831,18440,33270
943,66,6,0.0,218.0,58,58,58,58,84,84,84
944,0,720,0.0,0.0,0,0,0,0,0,0,0
945,571,6325,62.0,36431.0,130,183,282,313,366,3134,36431
946,901,17280,587.0,10279.0,651,750,832,870,922,1483,2962
947,3472,46,383.0,45266.0,383,383,416,490,2016,45266,45266
948,874,565,15.0,7171.0,15,20,76,176,1765,4173,4467
949,787,720,14.0,10595.0,14,17,37,681,1048,5075,10595
950,759,6621,42.0,45657.0,93,130,369,432,745,4973,26902
951,60344,818,4531.0,265120.0,14851,17166,30450,46341,75662,229870,265120
952,167,17331,34.0,26246.0,72,88,137,160,183,268,13217
953,943,5777,48.0,29589.0,167,291,487,577,1168,4284,6418
954,5259,24,328.0,28126.0,330,330,438,537,773,27819,27819
955,0,1440,0.0,31.0,0,0,0,0,0,19,31
956,19615,57,3472.0,42645.0,3489,3489,13073,15490,33500,39865,39865
957,794,288,261.0,2165.0,261,265,710,810,890,1637,2165
958,280,56,51.0,2448.0,66,66,84,138,328,1402,1402
959,33242,288,27614.0,38919.0,27614,28047,31335,33251,35210,38625,38919
960,5182,2,4175.0,6190.0,4175,4175,4175,4175,6190,6190,6190
961,33318,288,27053.0,39274.0,27053,27527,31268,33196,35270,38919,39274
962,255,15,13.0,1143.0,13,13,15,20,404,1143,1143
963,0,1441,0.0,20.0,0,0,0,0,0,19,20
964,0,280,0.0,1.0,0,0,0,0,0,0,1
965,449,75,16.0,3218.0,16,16,52,109,375,3218,3218
966,20049,752,8.0,270462.0,12,32,2484,10103,17997,177801,270462
967,34,564,7.0,669.0,8,8,13,22,38,173,253
968,121,288,1.0,1906.0,1,1,2,3,10,1339,1906
969,2087,1440,1004.0,23347.0,1004,1251,1714,1904,2148,5710,23347
970,4969,6,1577.0,8822.0,3206,3206,5089,5089,5505,5505,5505
971,14711,1005,7545.0,143750.0,11854,11994,12966,13474,14687,25729,72743
972,5541,287,1124.0,15375.0,1124,1309,3307,5400,7561,10668,15375
973,471,360,78.0,7509.0,78,95,158,184,261,4610,7509
974,158,8,36.0,588.0,36,36,40,95,162,588,588
975,15,2510,4.0,1054.0,4,5,8,9,12,98,1054
976,21,831,6.0,234.0,6,15,15,15,21,93,234
977,452,360,78.0,2364.0,78,93,125,156,707,2057,2364
978,951,1440,79.0,11642.0,79,85,140,828,1441,3659,11642
979,0,288,0.0,11.0,0,0,0,0,0,0,11
980,426,322,107.0,10602.0,109,119,187,254,404,3605,10602
981,903,988,0.0,397659.0,0,9,19,20,29,48614,397659
982,13,12520,0.0,1343.0,0,0,7,11,15,65,300
983,146,864,15.0,4489.0,29,31,56,79,124,921,1281
984,22,25698,6.0,1730.0,8,12,15,18,22,106,312
985,693,3293,38.0,47981.0,46,54,60,65,73,26843,47981
986,1,360,0.0,203.0,0,0,0,0,0,31,203
987,343,265,60.0,2119.0,60,71,103,123,257,2102,2119
988,30962,366,312.0,40528.0,15210,30015,30077,30154,30570,35698,40528
989,215,288,109.0,499.0,109,124,187,203,234,441,499
990,150,720,13.0,4310.0,13,15,18,20,52,3125,4310
991,110,1440,6.0,1505.0,6,6,7,8,10,984,1505
992,647,1440,81.0,3989.0,81,105,162,257,952,3020,3989
993,28,287,0.0,6800.0,0,0,0,0,0,31,6800
994,56651,720,29586.0,153433.0,29586,30493,36111,44059,67706,131549,153433
995,15,288,1.0,30.0,1,1,8,12,22,29,30
996,103,678,0.0,999.0,0,0,20,46,140,640,999
997,1125,990,187.0,201716.0,187,203,312,315,343,515,201716
998,502,383,0.0,5031.0,0,0,13,19,234,4436,5031
999,84,288,1.0,801.0,1,1,1,2,8,781,801
